x,y,z
30.303,30.064,18.711
30.429,30.161,7.7915
30.522,30.28,11.205
30.582,30.408,12.698
30.587,30.422,5.034
30.628,30.67,4.4079
30.628,30.69,4.5492
30.627,30.697,14.084
30.626,30.732,14.611
30.615,30.829,9.4252
30.614,30.838,15.379
30.609,30.863,8.5054
30.565,31.017,16.671
30.519,31.125,8.4115
30.477,31.202,4.4567
30.386,31.334,13.187
30.346,31.383,5.2231
30.341,31.389,8.5797
30.329,31.403,5.5275
30.303,31.43,16.682
30.281,31.453,21.296
30.215,31.515,13.32
30.205,31.524,20.223
30.18,31.545,1.7442
30.178,31.546,6.0555
30.148,31.57,21.661
30.12,31.591,13.035
30.101,31.605,10.712
30.026,31.655,18.517
29.974,31.686,7.5754
29.938,31.706,3.528
29.868,31.741,5.0902
29.829,31.759,23.21
29.776,31.782,19.738
29.771,31.784,8.5155
29.737,31.797,19.491
29.716,31.805,22.073
29.709,31.807,2.3827
29.705,31.809,6.5662
29.611,31.838,22.975
29.584,31.846,12.958
29.572,31.849,19.336
29.499,31.867,10.068
29.487,31.87,22.968
29.456,31.876,8.2392
29.455,31.876,8.4773
29.373,31.89,22.406
29.37,31.89,1.1882
29.293,31.9,9.672
29.145,31.909,11.31
29.118,31.91,18.908
29.115,31.91,24.126
29.087,31.91,8.6615
29.084,31.91,9.7888
29.084,31.91,15.761
28.997,31.907,5.7668
28.969,31.906,15.236
28.888,31.899,10.326
28.871,31.897,1.4299
28.869,31.897,10.689
28.85,31.895,2.2724
28.676,31.866,18.021
28.672,31.865,10.188
28.669,31.864,14.735
28.631,31.856,21.21
28.625,31.855,19.744
28.589,31.846,17.457
28.481,31.816,6.3203
28.451,31.806,8.8147
28.288,31.747,15.502
28.227,31.721,12.484
28.166,31.693,18.818
28.16,31.69,4.6668
28.062,31.641,19.611
28.024,31.62,19.235
27.935,31.567,17.607
27.93,31.564,6.0944
27.885,31.535,7.9995
27.831,31.499,7.2955
27.804,31.481,11.979
27.756,31.445,10.401
27.73,31.426,12.432
27.683,31.389,10.824
27.635,31.35,11.456
27.597,31.317,2.8769
27.545,31.27,9.1792
27.447,31.175,18.1
27.381,31.105,12.635
27.316,31.03,16.125
27.29,30.999,14.459
27.288,30.997,4.2046
27.279,30.986,15.456
27.244,30.942,4.5597
27.24,30.936,6.9611
27.235,30.929,2.5059
27.187,30.865,14.914
27.056,30.667,3.4365
27.038,30.636,5.3566
27.016,30.599,6.2518
27.012,30.593,18.431
26.993,30.557,4.6999
26.986,30.544,6.6633
26.956,30.488,10.444
26.953,30.482,11.85
26.842,30.235,8.9862
26.838,30.228,19.321
26.838,30.227,12.035
26.825,30.193,12.815
26.791,30.1,20.91
26.789,30.095,23.282
26.787,30.089,24.976
26.786,30.085,14.943
26.738,29.933,15.611
26.709,29.82,2.0785
26.703,29.795,4.9392
26.694,29.755,20.261
26.681,29.696,2.351
26.668,29.63,22.838
26.664,29.605,12.552
26.655,29.549,10.756
26.653,29.538,11.224
26.651,29.525,13.335
26.647,29.498,7.1043
26.636,29.411,9.301
26.636,29.408,22.658
26.634,29.392,13.119
26.634,29.391,4.915
26.628,29.323,23.889
26.619,29.201,22.992
26.619,29.194,8.646
26.618,29.178,3.4577
26.616,29.03,25.081
26.616,28.99,13.537
26.616,28.989,3.9514
26.617,28.949,17.545
26.618,28.92,20.621
26.618,28.903,18.462
26.62,28.865,12.837
26.623,28.807,11.86
26.624,28.8,0.39082
26.627,28.76,21.578
26.629,28.737,9.5381
26.634,28.684,18.393
26.646,28.58,19.975
26.66,28.486,21.579
26.666,28.447,2.4042
26.67,28.425,20.071
26.671,28.421,17.075
26.684,28.352,17.157
26.685,28.345,0.72879
26.686,28.343,17.366
26.686,28.34,13.622
26.688,28.332,5.5045
26.698,28.285,8.1479
26.699,28.282,11.653
26.721,28.188,21.828
26.736,28.129,11.372
26.736,28.129,3.508
26.737,28.125,3.9623
26.807,27.894,16.352
26.827,27.838,17.683
26.836,27.813,17.667
26.841,27.799,8.7783
26.895,27.661,2.4266
26.897,27.657,11.988
26.909,27.629,3.3519
26.933,27.574,4.3667
26.999,27.432,20.856
27,27.432,24.204
27.022,27.387,12.855
27.044,27.344,20.953
27.059,27.317,13.795
27.117,27.213,15.117
27.117,27.212,4.3376
27.124,27.201,11.928
27.162,27.137,5.4444
27.173,27.119,23.017
27.175,27.116,14.659
27.192,27.088,0.42719
27.195,27.084,22.093
27.213,27.056,19.893
27.275,26.962,20.506
27.278,26.957,15.098
27.306,26.918,15.993
27.323,26.893,0.94791
27.346,26.861,8.4614
27.379,26.816,21.915
27.393,26.798,1.3542
27.415,26.77,15.502
27.461,26.711,2.1029
27.465,26.706,9.3225
27.476,26.692,24.766
27.506,26.655,22.461
27.54,26.616,10.351
27.568,26.584,6.7483
27.586,26.563,1.833
27.588,26.561,6.4429
27.623,26.521,16.213
27.647,26.495,5.565
27.757,26.381,6.715
27.772,26.366,4.1056
27.785,26.354,12.095
27.884,26.26,9.462
27.927,26.22,17.358
27.941,26.208,3.2221
27.951,26.199,12.016
27.966,26.186,5.8934
27.993,26.162,13.948
28.058,26.108,16.237
28.114,26.062,7.7833
28.119,26.059,20.455
28.142,26.041,18.1
28.151,26.034,20.221
28.165,26.023,22.701
28.173,26.017,18.165
28.173,26.017,7.8027
28.216,25.984,1.9003
28.238,25.968,10.238
28.294,25.927,1.6953
28.369,25.875,16.213
28.373,25.872,9.5582
28.401,25.853,7.7266
28.426,25.837,10.48
28.507,25.785,5.4041
28.51,25.783,14.251
28.521,25.776,4.0176
28.548,25.759,19.609
28.566,25.748,5.202
28.582,25.738,17.875
28.587,25.736,16.031
28.623,25.714,5.0693
28.71,25.664,21.812
28.735,25.651,6.9669
28.749,25.644,11.361
28.749,25.643,8.6909
28.753,25.641,21.92
28.777,25.628,5.1359
28.778,25.628,3.0598
28.785,25.624,9.1617
28.88,25.575,24.107
29.003,25.516,20.886
29.02,25.508,18.268
29.073,25.484,3.5054
29.208,25.427,21.834
29.271,25.402,15.125
29.293,25.394,19.378
29.35,25.372,13.494
29.353,25.371,4.4332
29.374,25.364,4.3047
29.418,25.348,0.41472
29.439,25.341,19.959
29.439,25.341,9.4255
29.545,25.306,22.319
29.546,25.306,18.042
29.595,25.291,24.987
29.622,25.283,19.439
29.659,25.272,6.9369
29.673,25.268,14.596
29.705,25.259,9.1305
29.733,25.251,20.421
29.81,25.231,11.507
29.942,25.2,9.2337
29.978,25.192,7.9421
29.988,25.19,21.953
30,25.188,5.18
30.015,25.184,17.059
30.068,25.174,23.823
30.096,25.169,15.019
30.109,25.166,14.961
30.152,25.159,16.831
30.158,25.158,14.876
30.165,25.156,16.913
30.206,25.149,18.329
30.281,25.138,15.395
30.294,25.136,1.0042
30.343,25.129,23.668
30.36,25.127,2.0028
30.397,25.123,17.967
30.423,25.119,4.555
30.427,25.119,2.785
30.464,25.115,3.8982
30.515,25.11,17.382
30.564,25.105,15.192
30.57,25.105,19.401
30.604,25.102,3.375
30.612,25.101,16.751
30.8,25.091,15.925
30.825,25.09,17.205
30.842,25.089,1.8817
30.861,25.089,10.779
30.983,25.088,7.3612
31.087,25.089,2.5456
31.09,25.089,5.9726
31.111,25.089,6.746
31.2,25.092,14.431
31.217,25.093,0.35176
31.272,25.096,8.301
31.292,25.097,17.111
31.409,25.106,18.828
31.515,25.116,11.47
31.531,25.118,19.673
31.554,25.121,2.0176
31.567,25.122,12.586
31.613,25.128,2.6557
31.618,25.129,19.601
31.646,25.132,22.511
31.675,25.136,15.627
31.727,25.144,22.236
31.752,25.148,1.4918
31.756,25.148,17.828
31.762,25.149,19.324
31.762,25.149,16.928
31.779,25.152,11.238
31.806,25.156,17.44
31.809,25.157,20.458
31.831,25.161,11.034
32.111,25.217,19.989
32.111,25.217,3.8098
32.124,25.22,4.2484
32.151,25.226,21.27
32.194,25.237,7.9498
32.194,25.237,9.0067
32.216,25.243,0.8497
32.248,25.251,17.402
32.271,25.257,1.7161
32.298,25.264,8.5284
32.316,25.269,16.211
32.329,25.272,18.642
32.426,25.3,4.0281
32.442,25.305,21.924
32.492,25.32,19.991
32.518,25.329,18.801
32.534,25.334,17.567
32.544,25.337,0.34001
32.546,25.338,21.782
32.564,25.343,10.274
32.568,25.345,4.199
32.575,25.347,23.629
32.591,25.353,10.898
32.617,25.361,14.52
32.711,25.394,15.579
32.716,25.396,13.546
32.721,25.398,24.622
32.748,25.408,23.238
32.841,25.443,20.681
32.908,25.47,5.2942
32.939,25.483,23.072
32.944,25.485,17.888
32.984,25.502,13.787
33.002,25.509,8.6639
33.006,25.511,7.258
33.034,25.523,13.927
33.1,25.552,6.0313
33.127,25.565,22.003
33.22,25.609,16.727
33.237,25.617,22.621
33.238,25.618,24.045
33.265,25.631,20.086
33.313,25.655,23.92
33.331,25.664,14.553
33.37,25.685,16.365
33.385,25.692,0.40493
33.419,25.71,15.998
33.441,25.722,10.509
33.489,25.749,5.8159
33.532,25.773,18.123
33.533,25.774,2.9422
33.618,25.823,5.1385
33.618,25.823,19.034
33.62,25.824,15.094
33.625,25.827,19.176
33.635,25.833,12.163
33.643,25.838,3.7736
33.657,25.846,17.599
33.686,25.864,18.765
33.81,25.942,2.9857
33.898,26.001,1.2568
33.949,26.035,8.9086
33.958,26.042,15.073
33.995,26.067,7.7476
34.021,26.086,4.2738
34.028,26.091,22.568
34.048,26.106,19.181
34.067,26.12,2.1576
34.075,26.126,14.432
34.116,26.156,8.6036
34.158,26.188,20.154
34.178,26.203,14.787
34.195,26.216,23.023
34.238,26.25,16.915
34.286,26.289,24.266
34.313,26.31,14.167
34.32,26.316,14.974
34.322,26.318,12.898
34.395,26.38,1.9629
34.463,26.439,15.193
34.472,26.447,2.8894
34.552,26.519,6.0739
34.558,26.524,2.5118
34.582,26.547,1.6262
34.585,26.55,1.1305
34.641,26.603,20.135
34.648,26.61,22.645
34.794,26.756,2.5758
34.823,26.787,9.9357
34.847,26.812,18.403
34.858,26.824,3.8896
34.877,26.845,18.342
34.913,26.883,10.522
34.927,26.9,3.8473
34.949,26.924,12.146
34.958,26.934,21.595
34.97,26.947,15.582
34.989,26.97,4.0186
35.013,26.997,10.908
35.021,27.007,21.637
35.026,27.012,23.549
35.057,27.049,11.24
35.079,27.075,22.096
35.084,27.081,23.265
35.089,27.088,16.459
35.092,27.091,17.308
35.145,27.157,3.29
35.147,27.159,1.2064
35.191,27.216,21.028
35.211,27.241,14.11
35.226,27.26,22.111
35.231,27.268,18.203
35.241,27.28,21.222
35.286,27.34,15.777
35.287,27.342,12.716
35.322,27.39,7.8948
35.326,27.397,20.651
35.341,27.417,13.356
35.349,27.428,11.215
35.349,27.429,20.902
35.364,27.45,8.0385
35.395,27.495,10.822
35.455,27.584,16.004
35.486,27.631,8.298
35.509,27.666,7.1158
35.527,27.696,17.498
35.543,27.722,21.233
35.55,27.732,7.5983
35.583,27.787,15.151
35.628,27.862,8.8117
35.64,27.883,11.572
35.65,27.901,12.395
35.66,27.918,8.1286
35.661,27.921,12.471
35.71,28.007,18.039
35.731,28.047,2.1245
35.747,28.077,1.2683
35.754,28.09,15.307
35.788,28.156,4.3992
35.8,28.18,18.668
35.824,28.227,11.867
35.826,28.231,9.6068
35.849,28.278,17.041
35.862,28.306,21.406
35.881,28.346,10.572
35.881,28.347,0.70562
35.932,28.458,2.9525
35.95,28.499,18.637
35.956,28.513,8.7424
35.962,28.527,16.734
35.967,28.54,2.2877
35.972,28.552,15.178
35.986,28.585,18.203
35.991,28.597,8.5649
36.004,28.628,10.286
36.008,28.639,24.729
36.028,28.689,24.395
36.063,28.781,24
36.071,28.801,11.257
36.094,28.865,8.058
36.095,28.868,18.398
36.103,28.889,13.459
36.106,28.897,9.6145
36.108,28.905,12.181
36.127,28.96,3.1773
36.138,28.99,9.1425
36.142,29.003,5.8865
36.147,29.02,15.962
36.156,29.045,10.053
36.182,29.128,10.055
36.182,29.13,0.34058
36.192,29.163,5.9579
36.193,29.164,15.885
36.201,29.192,22.284
36.206,29.207,5.1056
36.207,29.21,0.93925
36.213,29.234,21.233
36.215,29.241,19.382
36.229,29.29,21.829
36.231,29.296,11.36
36.238,29.32,0.99912
36.242,29.337,8.6715
36.257,29.393,20.349
36.278,29.474,24.18
36.284,29.499,10.808
36.307,29.599,11.412
36.314,29.629,9.8294
36.319,29.652,1.7651
36.326,29.687,13.904
36.327,29.691,24.635
36.33,29.707,21.119
36.34,29.754,10.047
36.35,29.808,6.6208
36.369,29.912,19.434
36.376,29.957,4.7336
36.381,29.983,11.826
36.386,30.021,4.7364
36.391,30.052,7.878
36.394,30.069,11.613
36.395,30.076,10.739
36.402,30.13,9.6115
36.406,30.158,16.381
36.409,30.186,11.791
36.41,30.19,1.5676
36.414,30.224,0.9664
36.429,30.357,2.7655
36.437,30.452,22.532
36.438,30.456,16.746
36.44,30.481,12.592
36.45,30.632,0.38771
36.45,30.636,19.512
36.454,30.715,4.5015
36.455,30.739,0.21521
36.456,30.76,16.392
36.46,30.927,9.3007
36.46,30.976,5.5814
36.46,30.993,6.4223
36.46,31.021,4.6359
36.46,31.046,16.099
36.459,31.093,18.329
36.458,31.122,23.106
36.454,31.274,3.9192
36.45,31.349,0.38045
36.448,31.379,22.558
36.447,31.391,18.085
36.444,31.436,22.227
36.444,31.442,14.76
36.444,31.446,1.7874
36.443,31.453,12.222
36.443,31.459,24.132
36.438,31.519,12.079
36.438,31.522,13.217
36.437,31.529,19.874
36.429,31.616,9.0559
36.427,31.645,3.1603
36.425,31.662,13.608
36.425,31.663,15.914
36.424,31.669,6.9432
36.421,31.7,7.4939
36.414,31.758,3.0309
36.411,31.784,16.439
36.406,31.826,21.9
36.404,31.842,14.709
36.402,31.855,10.364
36.385,31.973,17.332
36.379,32.01,10.25
36.378,32.016,3.6909
36.364,32.105,23.13
36.353,32.166,6.0899
36.325,32.311,13.455
36.321,32.327,2.1272
36.318,32.344,0.88283
36.313,32.368,11.573
36.299,32.43,22.283
36.297,32.439,10.041
36.282,32.505,10.819
36.279,32.514,21.613
36.274,32.536,14.387
36.27,32.552,17.444
36.264,32.578,10.397
36.246,32.647,13.863
36.236,32.684,11.859
36.22,32.744,13.195
36.217,32.757,24.961
36.208,32.789,3.2876
36.207,32.792,6.1308
36.186,32.865,3.0656
36.173,32.906,20.213
36.159,32.952,4.4736
36.158,32.956,24.137
36.122,33.069,17.863
36.115,33.089,13.661
36.075,33.205,7.1112
36.073,33.211,5.8524
36.014,33.371,23.96
36.004,33.395,7.9394
36.002,33.402,21.463
35.989,33.434,23.968
35.951,33.528,0.52632
35.908,33.63,23.033
35.901,33.647,22.824
35.9,33.65,16.684
35.897,33.656,18.449
35.883,33.686,3.0946
35.875,33.705,24.903
35.842,33.779,2.9142
35.84,33.781,17.125
35.839,33.784,0.29561
35.835,33.794,20.971
35.799,33.869,4.0477
35.722,34.027,2.6488
35.698,34.073,15.485
35.674,34.118,4.9161
35.668,34.129,0.54503
35.663,34.139,1.4091
35.659,34.147,11.448
35.647,34.169,15.783
35.639,34.184,20.517
35.632,34.196,8.6568
35.609,34.239,24.444
35.586,34.28,14.417
35.583,34.284,10.801
35.571,34.307,1.1388
35.515,34.403,12.791
35.512,34.408,18.044
35.481,34.46,19.657
35.474,34.471,2.3898
35.459,34.497,10.954
35.445,34.518,12.231
35.431,34.542,7.0701
35.415,34.567,15.766
35.395,34.599,10.152
35.374,34.632,0.18151
35.299,34.746,10.483
35.274,34.783,20.292
35.241,34.832,25.014
35.235,34.84,0.46142
35.198,34.892,18.52
35.152,34.957,24.664
35.145,34.966,13.555
35.101,35.026,3.3861
35.098,35.031,3.2839
35.009,35.148,10.465
34.98,35.185,4.1661
34.968,35.199,13.733
34.939,35.236,6.0012
34.917,35.263,11.976
34.914,35.267,15.543
34.9,35.284,6.7481
34.89,35.296,12.349
34.851,35.343,20.26
34.823,35.377,12.201
34.802,35.401,4.4546
34.79,35.415,3.7098
34.781,35.426,10.578
34.78,35.426,7.4481
34.765,35.444,21.557
34.736,35.477,12.083
34.731,35.483,24.71
34.73,35.484,6.9344
34.718,35.498,22.243
34.703,35.515,7.091
34.689,35.531,23.153
34.662,35.561,24.723
34.628,35.598,10.67
34.607,35.621,8.256
34.565,35.665,9.3079
34.536,35.696,22.362
34.528,35.704,22.021
34.526,35.706,13.846
34.513,35.72,19.675
34.495,35.738,23.652
34.444,35.791,1.8739
34.444,35.791,19.667
34.427,35.807,20.02
34.407,35.828,19.067
34.365,35.869,12.136
34.261,35.97,4.0166
34.19,36.036,14.543
34.157,36.065,21.905
34.154,36.068,5.7987
34.101,36.116,23.727
34.071,36.142,21.811
34.07,36.143,24.334
34.07,36.143,9.1401
34.069,36.143,7.6704
34.056,36.155,3.8687
34.039,36.17,21.654
34.011,36.194,10.514
33.863,36.318,15.332
33.811,36.36,4.6021
33.798,36.37,10.315
33.777,36.386,20.076
33.726,36.426,10.087
33.698,36.448,1.6832
33.684,36.459,8.5757
33.638,36.494,15.935
33.621,36.507,3.2247
33.609,36.515,3.4547
33.608,36.516,4.0605
33.599,36.523,11.73
33.58,36.537,3.2759
33.547,36.561,1.3587
33.522,36.579,24.582
33.449,36.631,6.9643
33.401,36.665,15.496
33.391,36.671,16.873
33.352,36.698,18.904
33.315,36.723,16.391
33.273,36.751,0.94634
33.234,36.776,4.9658
33.199,36.799,9.8769
33.174,36.815,6.2091
33.154,36.828,4.6688
33.126,36.846,18.983
33.118,36.85,8.0611
33.091,36.867,18.267
33.047,36.895,17.638
33.04,36.899,24.892
33.015,36.914,8.7893
33.005,36.92,11.445
32.998,36.924,13.449
32.964,36.944,13.319
32.949,36.954,19.554
32.948,36.954,6.4668
32.934,36.962,9.5094
32.925,36.968,17.749
32.891,36.987,6.2698
32.854,37.008,22.009
32.828,37.023,10.257
32.808,37.035,7.1193
32.734,37.075,1.5855
32.695,37.097,10.595
32.678,37.106,4.5382
32.668,37.111,13.994
32.636,37.128,9.3177
32.611,37.141,15.137
32.595,37.149,3.2299
32.564,37.165,25.098
32.513,37.192,24.071
32.467,37.214,21.259
32.343,37.275,10.453
32.296,37.296,21.05
32.287,37.301,17.767
32.276,37.306,14.338
32.196,37.342,18.886
32.165,37.356,18.031
32.125,37.373,22.953
32.071,37.397,21.381
32.025,37.416,20.534
31.937,37.452,17.846
31.902,37.466,8.9874
31.826,37.496,11.644
31.812,37.501,20.452
31.77,37.517,5.042
31.687,37.548,0.57498
31.633,37.567,21.371
31.619,37.572,0.80562
31.61,37.575,23.683
31.583,37.585,20.673
31.565,37.591,0.54166
31.503,37.612,10.001
31.482,37.619,0.076984
31.437,37.634,8.5399
31.423,37.638,17.895
31.395,37.647,20.838
31.289,37.68,16.401
31.205,37.705,9.9321
31.092,37.737,16.867
31.061,37.746,19.714
30.911,37.784,15.089
30.89,37.79,10.016
30.883,37.791,12.257
30.872,37.794,4.784
30.777,37.816,19.866
30.764,37.819,1.9593
30.692,37.835,23.712
30.655,37.843,7.2278
30.638,37.847,17.468
30.551,37.865,18.813
30.536,37.868,7.1634
30.479,37.879,24.822
30.449,37.884,19.208
30.409,37.892,17.579
30.405,37.892,10.82
30.319,37.907,20.672
30.318,37.907,14.493
30.255,37.918,5.9853
30.217,37.924,18.374
30.198,37.927,10.382
30.167,37.931,18.361
30.107,37.94,15.121
30.074,37.944,12.292
30.039,37.949,21.385
30.026,37.951,25.083
30.017,37.952,18.148
29.979,37.957,6.4863
29.937,37.962,13.509
29.88,37.968,0.37137
29.877,37.968,16.141
29.865,37.97,15.507
29.842,37.972,13.116
29.828,37.974,3.4434
29.788,37.978,14.121
29.771,37.979,15.923
29.765,37.98,10.684
29.744,37.982,24.81
29.669,37.989,14.828
29.666,37.989,1.0463
29.593,37.995,2.2739
29.588,37.995,5.4547
29.519,38,9.8866
29.341,38.009,20.546
29.315,38.01,13.458
29.264,38.012,15.55
29.225,38.013,16.484
29.208,38.013,5.3972
29.15,38.015,18.313
29.02,38.016,3.2912
29.013,38.016,2.6705
28.979,38.016,0.18223
28.941,38.016,22.992
28.929,38.016,18.981
28.884,38.015,1.7434
28.846,38.014,3.9257
28.775,38.013,16.432
28.751,38.012,11.305
28.704,38.01,19.351
28.703,38.01,12.908
28.617,38.006,1.965
28.554,38.003,23.558
28.482,37.999,23.702
28.443,37.996,23.274
28.339,37.988,4.66
28.269,37.982,16.299
28.26,37.981,4.3407
28.209,37.976,15.679
28.209,37.976,12.879
28.205,37.976,17.582
28.201,37.975,22.185
28.17,37.972,13.758
28.103,37.965,5.697
28.064,37.961,2.861
28.012,37.954,18.852
27.971,37.949,5.754
27.962,37.948,11.982
27.905,37.94,10.172
27.872,37.936,10.138
27.817,37.928,13.798
27.742,37.916,4.4426
27.727,37.914,3.8399
27.705,37.91,19.816
27.69,37.908,23.051
27.69,37.908,24.507
27.675,37.905,24.096
27.601,37.893,19.882
27.601,37.893,18.071
27.51,37.876,23.042
27.486,37.871,12.568
27.432,37.861,17.207
27.407,37.856,16.4
27.402,37.855,2.4991
27.34,37.842,0.35443
27.33,37.84,5.6696
27.327,37.839,23.718
27.316,37.837,23.156
27.241,37.821,6.6468
27.227,37.818,19.784
27.221,37.816,15.63
27.202,37.812,10.207
27.039,37.773,17.766
27.003,37.764,6.5155
26.992,37.761,6.0665
26.916,37.741,8.5807
26.913,37.741,19.595
26.895,37.736,14.631
26.851,37.724,20.517
26.849,37.723,23.534
26.786,37.706,14.862
26.757,37.697,9.0361
26.744,37.694,21.627
26.53,37.629,15.234
26.496,37.618,20.098
26.363,37.574,19.504
26.29,37.548,15.548
26.279,37.544,0.62789
26.275,37.543,14.643
26.26,37.538,4.7517
26.244,37.532,12.222
26.189,37.512,15.87
26.138,37.493,9.326
26.13,37.49,16.115
26.112,37.484,25.055
26.097,37.478,18.146
26.058,37.463,22.388
26.046,37.458,3.7592
26.045,37.458,10.04
26.018,37.447,16.805
25.929,37.412,13.905
25.911,37.404,18.676
25.906,37.402,9.5733
25.824,37.368,15.524
25.823,37.368,11.083
25.823,37.368,21.669
25.79,37.354,24.749
25.785,37.352,1.4409
25.76,37.341,23.216
25.751,37.338,12.339
25.751,37.337,15.258
25.68,37.307,18.981
25.669,37.302,6.2953
25.631,37.284,10.31
25.62,37.28,21.892
25.579,37.261,18.668
25.539,37.243,13.301
25.509,37.228,9.9339
25.506,37.227,3.9391
25.487,37.218,8.3425
25.455,37.203,4.3757
25.442,37.197,9.7417
25.436,37.194,23.22
25.407,37.18,8.4309
25.395,37.174,20.751
25.372,37.162,1.782
25.333,37.143,24.896
25.333,37.143,22.932
25.332,37.143,16.923
25.311,37.132,12.807
25.304,37.129,22.562
25.288,37.121,22.435
25.246,37.099,4.2988
25.228,37.09,22.936
25.211,37.081,4.2229
25.207,37.079,13.359
25.206,37.079,22.864
25.2,37.076,15.876
25.159,37.054,16.15
25.074,37.009,24.374
25.054,36.998,20.495
25.033,36.987,9.5474
25.008,36.972,3.6611
24.935,36.932,23.72
24.903,36.914,10.562
24.889,36.906,19.452
24.874,36.897,2.2667
24.873,36.896,4.9478
24.835,36.874,3.6936
24.681,36.782,13.562
24.646,36.761,6.4068
24.644,36.759,24.02
24.551,36.701,14.677
24.55,36.7,23.15
24.516,36.678,9.7659
24.482,36.657,1.7906
24.46,36.642,23.466
24.44,36.629,8.8765
24.408,36.608,10.574
24.398,36.601,24.734
24.362,36.577,11.029
24.347,36.566,12.605
24.324,36.551,4.3507
24.324,36.551,14.961
24.321,36.549,11.33
24.315,36.545,13.845
24.305,36.538,12.72
24.296,36.532,16.943
24.269,36.513,23.371
24.269,36.513,7.7805
24.199,36.464,8.8938
24.149,36.428,15.074
24.14,36.422,7.51
24.047,36.354,15.338
24.034,36.344,19.719
23.978,36.302,4.6511
23.965,36.292,21.743
23.915,36.254,2.4717
23.852,36.204,8.8232
23.846,36.2,8.819
23.779,36.146,19.882
23.65,36.041,20.015
23.632,36.026,13.742
23.625,36.02,4.4985
23.615,36.012,16.795
23.56,35.965,15.874
23.52,35.93,9.6362
23.475,35.89,13.499
23.432,35.852,19.508
23.425,35.846,18.618
23.32,35.75,13.602
23.314,35.744,0.006366
23.239,35.674,1.9028
23.237,35.673,24.135
23.219,35.655,3.0321
23.184,35.622,23.748
23.175,35.613,24.632
23.154,35.592,18.474
23.149,35.587,8.1801
23.048,35.487,11
23.043,35.482,6.6958
22.981,35.419,20.697
22.939,35.375,5.3685
22.931,35.367,5.296
22.897,35.331,10.889
22.865,35.297,17.847
22.821,35.25,5.691
22.813,35.241,23.676
22.81,35.238,19.223
22.809,35.236,18.597
22.777,35.201,2.1298
22.775,35.199,13.419
22.76,35.183,10.307
22.673,35.085,11.6
22.643,35.049,19.201
22.622,35.025,23.877
22.597,34.996,12.305
22.544,34.933,6.3008
22.393,34.748,4.9604
22.382,34.733,6.837
22.364,34.71,15.638
22.317,34.65,16.261
22.289,34.613,12.266
22.281,34.602,17.216
22.26,34.575,7.6549
22.255,34.569,19.312
22.25,34.562,13.249
22.244,34.553,2.9553
22.229,34.533,23.508
22.199,34.493,23.151
22.14,34.411,15.477
22.138,34.409,11.18
22.101,34.357,24.132
22.096,34.349,24.348
22.056,34.293,11.4
22.036,34.263,24.121
22.035,34.262,1.1348
22.029,34.253,2.892
21.865,34.005,24.853
21.848,33.978,18.597
21.844,33.971,13.376
21.837,33.961,11.685
21.822,33.936,24.065
21.807,33.912,19.554
21.796,33.894,7.6281
21.786,33.879,2.1108
21.784,33.876,19.408
21.746,33.812,16.062
21.738,33.799,8.4492
21.712,33.755,22.671
21.676,33.694,16.842
21.674,33.691,9.0809
21.647,33.645,17.368
21.641,33.633,2.4087
21.606,33.573,23.301
21.567,33.502,0.11979
21.564,33.497,12.463
21.556,33.481,13.917
21.533,33.439,5.8296
21.528,33.43,3.0537
21.504,33.385,0.91816
21.49,33.359,15.606
21.488,33.354,19.877
21.467,33.315,7.1179
21.45,33.283,5.7629
21.444,33.27,18.89
21.444,33.269,0.28052
21.435,33.253,1.6817
21.393,33.17,20.946
21.39,33.163,16.56
21.383,33.15,11.914
21.371,33.124,7.3322
21.336,33.053,6.9217
21.336,33.053,7.9277
21.313,33.005,2.5195
21.31,32.997,24.81
21.307,32.993,23.914
21.301,32.978,16.281
21.291,32.957,4.621
21.274,32.921,16.724
21.274,32.921,8.8059
21.267,32.905,13.636
21.261,32.893,6.5447
21.251,32.869,11.85
21.241,32.848,18.341
21.239,32.844,20.934
21.186,32.724,21.798
21.173,32.692,5.0262
21.168,32.68,0.58385
21.163,32.67,3.0822
21.15,32.64,8.5811
21.146,32.629,19.632
21.137,32.608,8.7155
21.135,32.603,12.287
21.117,32.559,1.2518
21.112,32.547,8.1942
21.09,32.493,18.859
21.068,32.436,10.928
21.061,32.42,19.04
21.061,32.418,7.8048
21.047,32.384,18.989
21.014,32.295,4.4781
20.96,32.148,21.201
20.931,32.065,7.654
20.921,32.034,2.0134
20.917,32.024,9.6724
20.911,32.004,22.834
20.904,31.986,17.497
20.896,31.962,24.127
20.893,31.952,13.485
20.859,31.847,9.5306
20.837,31.775,22.942
20.823,31.73,22.795
20.798,31.644,5.7595
20.769,31.544,7.8728
20.732,31.407,14.945
20.716,31.344,7.939
20.699,31.278,14.194
20.67,31.158,5.8445
20.666,31.141,4.732
20.661,31.119,8.3738
20.655,31.091,13.557
20.649,31.066,2.8928
20.638,31.014,14.036
20.631,30.98,20.529
20.629,30.974,3.7321
20.623,30.942,6.8789
20.594,30.799,9.2919
20.585,30.754,9.7749
20.579,30.721,14.079
20.569,30.665,7.8273
20.568,30.657,8.2827
20.561,30.622,9.7587
20.559,30.61,0.46952
20.551,30.56,23.264
20.542,30.503,11.266
20.541,30.498,20.704
20.537,30.474,13.514
20.532,30.441,17.401
20.513,30.312,12.294
20.499,30.208,5.1823
20.495,30.174,19.8
20.492,30.148,1.1961
20.487,30.105,20.654
20.481,30.054,10.46
20.48,30.048,19.982
20.476,30.006,19.345
20.473,29.976,17.047
20.47,29.946,13.04
20.466,29.906,6.5753
20.46,29.837,14.422
20.458,29.823,15.882
20.457,29.807,1.2794
20.449,29.701,21.668
20.448,29.697,11.675
20.447,29.677,3.4352
20.446,29.667,10.786
20.446,29.66,23.003
20.443,29.618,14.439
20.442,29.61,17.595
20.44,29.569,10.529
20.438,29.539,6.2763
20.433,29.445,19.116
20.433,29.44,3.4788
20.429,29.34,3.1392
20.429,29.339,4.9787
20.429,29.334,0.5825
20.428,29.304,10.331
20.427,29.256,18.006
20.425,29.204,11.437
20.425,29.179,6.838
20.424,29.148,21.112
20.424,29.136,17.042
20.423,29.01,0.99387
20.423,28.98,15.319
20.423,28.952,13.715
20.423,28.948,20.201
20.424,28.895,12.948
20.424,28.873,2.9539
20.424,28.855,8.0995
20.425,28.841,0.73181
20.425,28.813,20.095
20.426,28.777,13.334
20.426,28.77,10.195
20.428,28.698,19.446
20.429,28.669,8.5243
20.431,28.614,24.549
20.432,28.598,22.148
20.434,28.55,22.711
20.439,28.463,23.716
20.439,28.459,17.451
20.439,28.454,9.8164
20.441,28.419,15.796
20.442,28.404,18.529
20.445,28.366,16.832
20.449,28.303,1.1428
20.451,28.27,19.336
20.454,28.238,2.3167
20.458,28.184,15.521
20.461,28.157,3.5465
20.461,28.153,17.434
20.466,28.105,16.226
20.466,28.099,8.3405
20.468,28.076,21.49
20.469,28.073,8.9822
20.469,28.073,20.416
20.481,27.953,14.652
20.481,27.951,20.588
20.482,27.946,25.003
20.484,27.925,24.829
20.485,27.919,7.1355
20.488,27.889,23.894
20.49,27.874,9.9921
20.503,27.767,23.42
20.504,27.764,4.7808
20.506,27.745,10.139
20.511,27.706,10.17
20.513,27.692,9.5664
20.526,27.605,15.015
20.528,27.586,15.975
20.53,27.577,7.9726
20.533,27.559,12.37
20.534,27.547,14.975
20.534,27.546,15.342
20.543,27.494,5.2691
20.543,27.492,13.938
20.55,27.45,11.056
20.551,27.443,3.1037
20.558,27.399,24.409
20.563,27.368,0.52269
20.564,27.366,12.213
20.564,27.362,5.1176
20.582,27.266,17.775
20.583,27.26,21.003
20.612,27.105,24.352
20.621,27.062,9.3364
20.622,27.06,10.098
20.623,27.053,2.7581
20.627,27.035,9.3992
20.628,27.027,15.094
20.641,26.969,14.242
20.644,26.955,0.95199
20.655,26.902,20.479
20.66,26.882,9.6509
20.662,26.871,18.082
20.665,26.857,23.157
20.672,26.829,4.6673
20.682,26.786,6.1624
20.682,26.785,23.886
20.685,26.774,1.5228
20.708,26.675,15.028
20.717,26.642,23.095
20.738,26.558,24.944
20.749,26.516,0.23533
20.762,26.471,24.267
20.77,26.438,9.8983
20.775,26.422,2.3275
20.776,26.418,15.696
20.777,26.416,23.939
20.777,26.412,17.37
20.842,26.188,10.846
20.854,26.15,22.616
20.86,26.13,0.0048215
20.87,26.099,0.32187
20.893,26.025,0.29654
20.894,26.022,0.86551
20.913,25.964,19.731
20.915,25.959,20.843
20.954,25.844,4.9811
21.018,25.662,21.091
21.028,25.634,7.5273
21.044,25.591,7.512
21.087,25.477,17.55
21.089,25.474,3.0532
21.107,25.429,6.169
21.118,25.399,9.8148
21.151,25.317,20.167
21.152,25.314,21.134
21.155,25.308,6.0509
21.173,25.265,11.568
21.175,25.26,2.1179
21.176,25.257,13.818
21.179,25.25,18.965
21.185,25.236,4.5586
21.203,25.193,0.24071
21.208,25.18,24.923
21.216,25.162,7.1259
21.245,25.095,9.7786
21.337,24.891,24.867
21.354,24.853,10.387
21.355,24.851,9.3784
21.368,24.825,11.505
21.37,24.821,2.5168
21.376,24.806,24.969
21.4,24.756,17.003
21.405,24.745,13.881
21.433,24.688,19.33
21.472,24.61,3.6872
21.48,24.595,8.4281
21.486,24.583,12.655
21.527,24.502,2.6253
21.535,24.487,15.324
21.575,24.411,5.127
21.582,24.397,5.7557
21.622,24.323,24.199
21.641,24.287,4.9816
21.673,24.229,8.6896
21.705,24.174,14.767
21.74,24.111,23.676
21.773,24.054,22.128
21.777,24.048,17.077
21.813,23.986,22.371
21.85,23.925,3.4186
21.863,23.903,0.13663
21.883,23.871,23.88
21.887,23.863,17.795
21.895,23.851,15.707
21.921,23.809,8.3993
21.925,23.802,7.3338
21.942,23.775,10.227
21.955,23.755,10.693
21.958,23.75,3.1392
21.96,23.746,3.7235
21.979,23.716,19.022
21.98,23.714,0.23763
21.993,23.695,10.305
22.04,23.622,1.1341
22.054,23.6,10.114
22.075,23.569,10.874
22.106,23.521,5.3594
22.119,23.502,4.6508
22.121,23.499,5.2474
22.128,23.488,24.801
22.132,23.483,1.6787
22.133,23.481,23.146
22.215,23.362,11.03
22.233,23.336,6.67
22.24,23.326,18.194
22.254,23.306,9.1399
22.28,23.27,7.9271
22.294,23.251,20.848
22.299,23.243,14.557
22.325,23.208,17.096
22.358,23.162,15.496
22.409,23.093,18.769
22.496,22.978,20.803
22.507,22.964,19.19
22.627,22.811,24.417
22.645,22.789,5.0004
22.646,22.787,17.758
22.667,22.762,20.205
22.675,22.752,15.621
22.705,22.715,14.834
22.705,22.715,20.842
22.728,22.687,23.324
22.765,22.643,18.302
22.771,22.635,4.6892
22.796,22.606,11.297
22.798,22.603,3.5648
22.825,22.572,11.463
22.865,22.525,7.8043
22.873,22.516,2.018
22.873,22.516,0.87467
22.89,22.497,19.76
22.896,22.489,25.108
22.932,22.449,0.32523
22.976,22.399,1.729
23.085,22.279,5.4291
23.104,22.258,20.976
23.105,22.257,5.9071
23.165,22.192,5.0827
23.181,22.176,8.3752
23.213,22.142,13.543
23.229,22.125,2.724
23.238,22.116,11.176
23.283,22.069,24.25
23.286,22.067,9.8396
23.287,22.065,22.469
23.319,22.033,6.2785
23.32,22.031,2.7948
23.344,22.007,19.049
23.371,21.98,14.769
23.39,21.961,22.803
23.455,21.897,5.3814
23.459,21.893,6.3893
23.465,21.887,16.914
23.496,21.857,0.39411
23.5,21.853,12.291
23.513,21.84,12.576
23.523,21.831,14.752
23.547,21.808,11.046
23.581,21.775,14.712
23.628,21.732,19.72
23.699,21.665,18.347
23.71,21.656,19.754
23.739,21.629,24.513
23.75,21.619,6.4829
23.82,21.557,18.068
23.84,21.538,3.4083
23.864,21.517,12.63
23.869,21.513,6.2855
23.877,21.506,2.4045
23.887,21.497,5.0121
23.89,21.494,8.4109
23.912,21.475,10.046
23.916,21.472,10.636
23.932,21.458,8.8501
23.96,21.434,12.241
23.965,21.429,7.5144
23.994,21.405,17.909
24.099,21.316,3.2219
24.119,21.301,16.862
24.128,21.292,6.2565
24.166,21.262,4.2332
24.185,21.246,23.918
24.209,21.227,15.735
24.266,21.182,9.2062
24.335,21.127,20.64
24.344,21.12,16.646
24.446,21.041,5.4064
24.469,21.024,0.42592
24.47,21.023,22.473
24.482,21.014,23.334
24.489,21.009,18.238
24.498,21.002,21.484
24.553,20.961,1.7065
24.622,20.911,3.4546
24.625,20.909,8.3835
24.666,20.879,5.9475
24.739,20.827,19.693
24.751,20.818,6.2684
24.786,20.793,6.6494
24.814,20.774,4.6587
24.857,20.744,21.821
24.919,20.702,13.053
24.927,20.697,1.112
24.931,20.694,21.215
24.957,20.677,3.8278
25.027,20.63,23.787
25.04,20.622,17.275
25.103,20.581,15.054
25.111,20.576,15.584
25.131,20.563,25.077
25.176,20.534,11.098
25.189,20.526,15.664
25.211,20.512,3.6361
25.33,20.438,15.327
25.352,20.425,4.0283
25.401,20.395,21.408
25.402,20.395,12.266
25.421,20.383,6.3136
25.455,20.363,1.1943
25.491,20.342,11.924
25.496,20.339,3.5448
25.623,20.266,16.689
25.633,20.26,8.7461
25.646,20.253,21.954
25.687,20.23,7.5175
25.689,20.229,18.86
25.818,20.158,3.0081
25.887,20.121,11.337
25.931,20.098,21.734
26.038,20.043,17.029
26.05,20.036,18.503
26.101,20.01,20.503
26.109,20.007,15.125
26.149,19.986,4.6187
26.168,19.977,2.528
26.194,19.964,23.4
26.22,19.952,5.3561
26.248,19.938,14.661
26.262,19.932,20.826
26.264,19.93,19.425
26.451,19.843,21.932
26.491,19.825,21.63
26.53,19.807,7.7859
26.597,19.777,24.532
26.604,19.774,22.652
26.607,19.773,16.792
26.611,19.771,11.322
26.651,19.754,21.483
26.776,19.7,15.17
26.82,19.682,22.824
26.829,19.679,8.9872
26.889,19.654,11.648
26.975,19.62,3.7959
27.016,19.604,17.042
27.114,19.566,6.7006
27.14,19.556,24.993
27.167,19.546,10.716
27.181,19.541,8.9615
27.203,19.533,4.6242
27.215,19.528,3.6874
27.221,19.526,3.7819
27.255,19.514,2.7492
27.286,19.503,9.0026
27.304,19.496,13.958
27.348,19.481,1.6841
27.415,19.457,18.139
27.44,19.449,16.141
27.464,19.441,17.567
27.466,19.44,12.146
27.471,19.438,0.69331
27.478,19.436,17.458
27.507,19.426,21.978
27.53,19.418,12.81
27.558,19.409,13.439
27.621,19.389,0.024107
27.63,19.386,1.6717
27.673,19.372,6.6206
27.701,19.363,6.8931
27.719,19.357,4.4321
27.732,19.353,15.415
27.75,19.348,13.113
27.779,19.339,7.409
27.785,19.337,6.5498
27.803,19.331,13.23
27.838,19.321,0.74019
27.899,19.303,6.8191
27.934,19.293,3.9743
27.964,19.284,18.339
28.027,19.266,9.805
28.054,19.258,4.7073
28.072,19.253,12.06
28.104,19.245,7.9339
28.115,19.242,23.836
28.118,19.241,10.329
28.152,19.232,4.6922
28.171,19.227,7.627
28.187,19.222,4.6611
28.259,19.204,13.322
28.297,19.194,0.35764
28.315,19.19,10.599
28.325,19.187,8.6551
28.345,19.182,5.3534
28.355,19.18,15.287
28.381,19.173,15.256
28.413,19.165,16.735
28.464,19.153,13
28.471,19.152,8.0098
28.525,19.139,15.94
28.587,19.125,8.9669
28.636,19.114,7.4818
28.721,19.096,10.173
28.723,19.095,15.589
28.736,19.093,16.343
28.747,19.09,3.6391
28.748,19.09,13.152
28.816,19.076,8.981
28.841,19.071,18.583
28.926,19.055,21.599
29.063,19.03,2.4919
29.069,19.028,23.701
29.086,19.025,23.262
29.215,19.004,14.415
29.215,19.004,13.666
29.263,18.996,7.259
29.292,18.991,7.0821
29.308,18.989,3.3932
29.33,18.986,2.0201
29.34,18.984,24.468
29.393,18.976,1.4431
29.412,18.973,8.3232
29.443,18.969,11.152
29.488,18.963,24.401
29.535,18.956,5.7718
29.547,18.955,9.2022
29.551,18.954,10.684
29.614,18.946,10.029
29.619,18.945,23.369
29.666,18.94,22.713
29.672,18.939,18.639
29.685,18.937,1.0375
29.691,18.937,24.159
29.709,18.935,20.227
29.795,18.925,1.5663
29.828,18.921,5.1759
29.848,18.919,4.4543
29.901,18.914,18.762
29.936,18.91,2.1861
29.955,18.909,3.1949
29.961,18.908,3.5051
29.965,18.908,12.454
29.971,18.907,0.89579
30.009,18.904,0.34098
30.021,18.903,12.384
30.115,18.895,17.204
30.131,18.893,2.3839
30.189,18.889,20.305
30.322,18.88,8.5492
30.33,18.88,19.453
30.345,18.879,18.363
30.394,18.876,0.14567
30.423,18.874,22.452
30.435,18.874,11.296
30.483,18.872,9.2506
30.523,18.87,9.7543
30.542,18.869,17.213
30.644,18.865,22.94
30.653,18.865,1.6256
30.655,18.865,2.5738
30.679,18.864,5.1155
30.68,18.864,14.694
30.695,18.864,11.054
30.716,18.863,1.2763
30.743,18.863,5.148
30.743,18.863,18.079
30.837,18.861,17.122
30.901,18.86,22.01
30.928,18.86,6.4965
30.943,18.86,24.037
30.958,18.86,21.305
30.991,18.86,2.8574
31.028,18.86,20.596
31.043,18.86,20.645
31.052,18.86,8.3026
31.061,18.86,12.635
31.086,18.86,14.075
31.175,18.861,13.657
31.188,18.861,8.2296
31.199,18.862,20.658
31.226,18.862,11.65
31.335,18.865,13.176
31.338,18.865,20.654
31.39,18.867,23.942
31.392,18.867,25.053
31.41,18.867,2.4326
31.442,18.869,0.20267
31.471,18.87,1.2809
31.485,18.87,15.927
31.489,18.871,18.163
31.537,18.873,6.1404
31.541,18.873,7.9215
31.555,18.874,10.986
31.557,18.874,19.425
31.578,18.875,5.4908
31.638,18.878,14.205
31.67,18.88,20.553
31.678,18.881,10.355
31.68,18.881,14.589
31.68,18.881,8.1259
31.698,18.882,8.8658
31.71,18.883,18.415
31.745,18.885,7.5492
31.748,18.885,22.447
31.86,18.893,0.1278
31.888,18.895,16.811
31.896,18.896,8.4412
31.906,18.897,5.6398
31.909,18.897,24.135
32.035,18.908,20.326
32.065,18.911,8.9375
32.114,18.916,23.779
32.132,18.918,13.141
32.21,18.926,19.372
32.241,18.929,13.599
32.254,18.931,4.0749
32.285,18.934,8.8983
32.287,18.934,22.472
32.387,18.947,11.442
32.391,18.947,21.897
32.409,18.949,15.931
32.506,18.962,21.307
32.563,18.97,22.426
32.709,18.992,20.37
32.724,18.994,24.951
32.753,18.998,14.399
32.783,19.003,20.57
32.794,19.005,8.1047
32.831,19.011,4.3499
32.891,19.021,19.143
32.899,19.023,5.4185
32.946,19.031,6.673
32.952,19.032,9.7776
32.98,19.037,16.876
32.994,19.039,13.891
33.036,19.047,3.7201
33.149,19.069,13.326
33.173,19.073,13.967
33.203,19.079,13.993
33.295,19.098,6.088
33.32,19.103,3.2721
33.369,19.114,12.928
33.378,19.116,15.227
33.387,19.118,21.893
33.407,19.122,21.189
33.446,19.131,3.7293
33.48,19.138,10.587
33.508,19.145,14.418
33.596,19.165,1.2345
33.624,19.172,3.442
33.673,19.184,22.781
33.699,19.19,1.5926
33.722,19.196,6.2337
33.76,19.205,8.1603
33.783,19.211,3.2403
33.884,19.237,12.779
33.889,19.239,3.2865
34.045,19.281,11.386
34.047,19.282,21.181
34.047,19.282,9.0154
34.084,19.293,6.7239
34.109,19.3,21.976
34.128,19.305,18.768
34.129,19.305,1.5516
34.136,19.307,1.3645
34.254,19.342,5.2158
34.284,19.351,21.727
34.33,19.366,5.4712
34.342,19.369,10.745
34.403,19.388,22.801
34.549,19.436,24.761
34.711,19.491,1.9558
34.81,19.525,23.242
34.837,19.535,7.436
34.982,19.589,3.3283
34.984,19.589,2.6342
35.012,19.6,23.515
35.05,19.615,21.196
35.171,19.662,3.2543
35.188,19.668,2.493
35.242,19.69,9.9857
35.255,19.696,14.276
35.305,19.716,17.074
35.336,19.729,11.102
35.385,19.749,17.375
35.391,19.751,10.955
35.4,19.755,1.4424
35.43,19.768,15.566
35.466,19.784,23.904
35.466,19.784,0.86803
35.493,19.795,22.096
35.539,19.815,10.47
35.623,19.852,5.0489
35.67,19.873,13.764
35.746,19.908,4.4095
35.82,19.943,4.0178
35.841,19.952,2.9108
35.867,19.964,20.187
35.872,19.967,22.966
35.875,19.968,22.259
35.951,20.005,7.9388
35.995,20.026,12.565
36.004,20.031,6.5681
36.028,20.043,8.7478
36.044,20.05,7.4665
36.058,20.057,23.749
36.106,20.081,10.864
36.138,20.098,21.508
36.147,20.102,6.2331
36.173,20.116,2.6216
36.221,20.14,2.1242
36.251,20.156,14.756
36.253,20.157,21.496
36.3,20.181,2.4083
36.303,20.183,19.298
36.324,20.194,15.045
36.337,20.201,20.171
36.373,20.22,0.65674
36.391,20.23,15.029
36.411,20.241,17.802
36.436,20.254,21.724
36.444,20.258,2.1797
36.523,20.302,24.194
36.539,20.311,13.398
36.547,20.316,12.024
36.559,20.322,15.649
36.56,20.322,20.308
36.64,20.368,22.586
36.653,20.375,5.2524
36.701,20.403,17.094
36.741,20.426,1.6771
36.76,20.437,13.151
36.776,20.447,16.925
36.777,20.447,19.159
36.84,20.485,0.96685
36.854,20.493,23.586
36.881,20.509,5.5322
36.903,20.522,19.703
36.936,20.542,7.6724
36.971,20.564,12.846
37.057,20.617,12.165
37.153,20.678,8.3771
37.16,20.683,13.403
37.26,20.747,3.9171
37.295,20.771,0.4515
37.318,20.786,15.67
37.338,20.799,6.541
37.417,20.852,20.747
37.482,20.896,20.839
37.588,20.971,10.771
37.591,20.972,15.786
37.645,21.011,11.009
37.674,21.032,17.628
37.713,21.06,15.359
37.746,21.084,14.822
37.77,21.101,19.918
37.785,21.113,21.296
37.807,21.129,8.1286
37.925,21.217,20.395
37.983,21.262,10.689
38.019,21.289,11.262
38.027,21.295,0.45653
38.037,21.304,16.39
38.048,21.312,22.874
38.069,21.329,4.5747
38.075,21.333,16.357
38.18,21.417,2.6129
38.192,21.426,4.4966
38.208,21.439,19.388
38.233,21.46,12.15
38.305,21.519,6.2044
38.361,21.565,13.814
38.388,21.588,2.2656
38.45,21.64,7.2021
38.466,21.654,8.2694
38.474,21.661,19.368
38.484,21.67,14.234
38.508,21.69,3.4922
38.568,21.743,3.4481
38.581,21.754,13.91
38.662,21.825,15.907
38.721,21.879,2.7368
38.725,21.883,4.5592
38.733,21.89,4.6163
38.734,21.891,23.38
38.785,21.937,7.2759
38.809,21.96,13.825
38.816,21.967,21.982
38.864,22.011,0.761
38.876,22.022,16.405
38.904,22.049,3.9734
38.991,22.132,7.6874
39.003,22.144,17.719
39.046,22.186,21.266
39.052,22.191,12.061
39.07,22.209,23.16
39.071,22.21,11.063
39.072,22.211,10.141
39.204,22.344,10.935
39.207,22.346,13.045
39.265,22.406,3.6216
39.306,22.448,22.225
39.339,22.483,16.952
39.38,22.526,22.961
39.392,22.539,20.211
39.395,22.542,2.193
39.411,22.559,6.6463
39.428,22.577,17.277
39.534,22.692,4.1561
39.541,22.7,15.87
39.627,22.796,22.375
39.64,22.811,21.72
39.647,22.819,9.9447
39.649,22.821,15.883
39.674,22.849,1.8321
39.757,22.946,4.2888
39.765,22.955,10.599
39.797,22.992,5.0927
39.813,23.011,15.192
39.833,23.035,1.5945
39.887,23.1,14.352
39.944,23.169,4.7171
39.977,23.209,18.992
40,23.238,3.0224
40.016,23.258,11.109
40.02,23.263,15.531
40.022,23.265,22.378
40.03,23.275,0.63008
40.037,23.285,2.9002
40.044,23.292,17.168
40.067,23.321,3.5161
40.071,23.327,23.638
40.077,23.335,2.8411
40.1,23.364,17.516
40.128,23.399,2.1542
40.146,23.423,24.424
40.162,23.444,0.086497
40.212,23.509,17.848
40.23,23.533,20.107
40.23,23.533,3.5654
40.238,23.544,3.7566
40.238,23.544,16.337
40.335,23.674,10.186
40.339,23.68,22.655
40.359,23.708,9.7713
40.37,23.722,8.9936
40.374,23.727,8.4389
40.411,23.78,22.5
40.414,23.784,0.68246
40.459,23.848,13.977
40.487,23.887,11.918
40.501,23.907,1.6303
40.511,23.921,24.252
40.53,23.949,21.186
40.545,23.971,21.318
40.547,23.973,8.1813
40.612,24.069,20.437
40.624,24.087,22.788
40.692,24.19,10.289
40.712,24.22,23.506
40.737,24.259,7.9328
40.747,24.275,22.902
40.749,24.277,19.613
40.87,24.469,19.774
40.893,24.507,10.363
40.946,24.595,14.568
40.962,24.622,9.0339
40.965,24.627,17.784
40.968,24.632,20.817
40.989,24.667,12.872
41.005,24.695,16.148
41.079,24.823,16.708
41.117,24.889,24.778
41.127,24.908,17.037
41.152,24.951,20.236
41.168,24.981,6.3778
41.176,24.996,24.593
41.198,25.035,11.223
41.217,25.071,8.9473
41.22,25.076,17.816
41.236,25.107,21.306
41.249,25.131,18.268
41.26,25.151,23.777
41.28,25.189,10.375
41.296,25.219,16.54
41.301,25.229,11.908
41.31,25.246,24.632
41.362,25.348,19.12
41.365,25.353,1.8939
41.368,25.358,10.321
41.374,25.37,17.265
41.385,25.392,19.305
41.39,25.403,19.131
41.409,25.44,1.2212
41.409,25.44,22.313
41.417,25.457,7.149
41.524,25.678,23.61
41.537,25.706,13.575
41.587,25.814,17.414
41.616,25.879,21.986
41.623,25.894,19.537
41.627,25.903,20.106
41.638,25.927,12.029
41.641,25.934,14.305
41.673,26.007,10.31
41.715,26.105,6.5181
41.72,26.118,17.755
41.737,26.158,8.8092
41.739,26.163,20.425
41.747,26.182,13.887
41.764,26.223,19.172
41.795,26.298,7.7653
41.802,26.314,14.81
41.825,26.373,17.791
41.84,26.412,7.1272
41.846,26.427,17.198
41.848,26.431,6.4159
41.85,26.437,18.465
41.859,26.458,0.1578
41.886,26.529,16.108
41.887,26.533,9.2729
41.888,26.535,23.671
41.937,26.666,8.2297
41.948,26.696,18.827
41.952,26.705,2.4019
41.978,26.779,11.213
42.006,26.858,24.129
42.006,26.859,14.245
42.008,26.863,6.5165
42.016,26.887,8.8849
42.026,26.915,0.25169
42.031,26.929,2.8208
42.034,26.939,22.667
42.04,26.957,13.324
42.057,27.007,0.099819
42.058,27.009,22.574
42.082,27.081,23.406
42.085,27.091,3.1506
42.116,27.188,19.31
42.125,27.217,1.2813
42.134,27.243,2.5634
42.141,27.265,16.996
42.142,27.269,15.559
42.143,27.272,20.83
42.144,27.275,6.9032
42.158,27.32,25.043
42.19,27.428,10.77
42.206,27.483,19.86
42.232,27.572,18.409
42.236,27.587,20.204
42.236,27.588,12.429
42.238,27.593,15.698
42.253,27.647,25.115
42.261,27.676,25.094
42.271,27.715,7.423
42.276,27.734,2.0643
42.277,27.734,1.6058
42.286,27.771,8.2247
42.291,27.79,18.822
42.299,27.819,5.9857
42.305,27.841,2.877
42.319,27.895,1.2705
42.322,27.909,23.134
42.333,27.953,22.141
42.344,27.995,21.231
42.362,28.072,21.034
42.376,28.132,12.576
42.377,28.135,3.8807
42.379,28.143,15.444
42.38,28.146,5.653
42.385,28.169,5.9358
42.394,28.208,0.92221
42.394,28.209,19.374
42.398,28.228,7.1762
42.404,28.253,23.039
42.407,28.268,22.208
42.411,28.286,5.3506
42.417,28.31,1.2677
42.427,28.358,21.916
42.432,28.382,7.5396
42.435,28.397,23.146
42.442,28.428,9.4362
42.457,28.502,24.867
42.475,28.594,23.721
42.479,28.611,18.521
42.484,28.641,6.9974
42.487,28.655,2.2232
42.499,28.718,3.115
42.503,28.742,17.735
42.518,28.825,2.744
42.55,29.018,13.183
42.555,29.051,22.109
42.571,29.159,9.3578
42.579,29.208,9.6423
42.583,29.24,19.658
42.584,29.249,9.1396
42.584,29.249,3.5512
42.59,29.288,19.249
42.603,29.389,12.439
42.609,29.433,13.55
42.613,29.466,22.368
42.621,29.538,19.135
42.631,29.62,19.579
42.637,29.683,9.7586
42.642,29.725,8.672
42.645,29.76,14.508
42.65,29.815,22.49
42.651,29.821,19.753
42.653,29.848,14.714
42.654,29.855,21.286
42.658,29.894,2.8215
42.658,29.902,18.334
42.66,29.919,17.026